Keywords,"Search Volume (Average)","Search Volume (Jan 2019)","Search Volume (Feb 2019)","Search Volume (Mar 2019)","Search Volume (Apr 2019)","Search Volume (May 2019)","Search Volume (Jun 2019)","Search Volume (Jul 2019)","Search Volume (Aug 2019)","Search Volume (Sep 2019)","Search Volume (Oct 2019)","Search Volume (Nov 2019)","Search Volume (Dec 2019)",Trend,"CPC (USD)",Competition
"home office storage",9900,90500,9900,4400,1900,1900,1900,2400,2900,2400,2400,1900,1900,-98,2.55,100
"office seating",5400,4400,4400,5400,3600,4400,4400,5400,12100,5400,6600,6600,3600,-18,4.87,100
"man seeking woman craigslist",3600,5400,4400,4400,4400,3600,2900,2900,2900,2400,2400,2400,2400,-56,0.91,12
"tiller cultivator",2900,1600,1900,4400,6600,6600,4400,2900,2400,1900,1600,1300,1600,0,0.65,100
"off grid solar power systems",2400,1900,1900,1900,1600,1600,1900,1900,2400,2900,3600,2900,2900,53,1.92,100
"dog bite injury attorney",2400,14800,8100,4400,1600,590,260,90,170,140,210,140,260,-98,109.76,9
"car accident injury lawyer",2400,1000,2400,720,1300,880,2900,3600,3600,2400,2400,2400,2400,140,96.02,28
"how to lose 30 pounds in 1 month",2400,1000,1600,1900,1900,2400,3600,3600,2900,2400,1900,2400,2400,140,3.05,24
"plus size tank dress",1900,1300,1600,2900,3600,4400,3600,2900,1600,1000,880,590,390,-70,1.15,100
"peacock wedding cake",1600,1300,1000,1000,1600,1000,1000,1000,2400,2400,3600,880,720,-45,0.19,100
"ryobi cordless leaf blower",1300,480,480,880,1300,1300,1600,880,1300,1600,1300,1900,1900,296,0.35,100
"how to lose your stomach",1300,1000,1000,1600,1300,1600,1600,1600,1300,1000,1000,1000,1000,0,1.83,35
"range rover classic for sale",1300,1000,1300,1300,1300,1300,1300,1300,1300,1300,1300,1300,1300,30,0.45,96
"bmw 340i xdrive",1300,1300,1000,1300,1000,1300,1000,1000,1300,1300,1300,1300,1300,0,5.54,28
"low carb gravy",1300,1900,1300,1300,1000,880,880,880,1000,1000,1000,1900,720,-62,0.32,100
"patio retaining wall",1300,480,590,1600,1900,2400,1900,1600,1600,1300,880,480,320,-33,2.31,80
"full bathroom remodel",1300,320,720,1000,4400,3600,2400,1600,1000,1000,260,390,320,0,5.57,100
"60s wedding dress",1300,1600,1300,1300,880,1000,1000,1000,1300,1000,1000,880,1600,0,0.42,100
"landscape design with rocks",1300,720,880,1000,1900,1900,1600,1600,1300,1300,1000,590,480,-33,1.61,100
"warframe promo codes 2019",1300,1000,1300,1600,1900,1900,1300,2900,1300,720,260,260,390,-61,0.22,9
"fat loss tips",1300,1000,1000,1300,1000,1000,1300,1600,1300,1000,1600,1600,1600,60,1.14,6
"crv 2008",1300,1600,1600,1600,1600,1600,1300,1300,1300,1300,1300,1300,1000,-38,1.09,14
"weed eater riding lawn mower",1300,320,480,1000,1900,2900,2400,1900,1600,1000,720,390,260,-19,0.85,98
"party wear dresses for womens",1300,1000,1300,1000,1000,1000,1300,1000,880,1000,1300,1900,2900,190,0.92,100
"maroon cocktail dress",1300,1300,1000,1000,1000,1000,720,880,1600,1900,1600,1300,880,-32,1.05,100
"elven wedding dress",1300,1600,1300,1600,1000,1000,1000,1000,1300,1300,1300,1000,1300,-19,0.26,100
"grass clippers",1300,390,320,720,1900,3600,2900,2400,1600,1000,720,320,320,-18,0.44,100
"riu promo code",1300,1900,1600,1300,1000,1000,880,1300,1000,880,880,1000,1300,-32,1.61,21
"home office cabinets",1300,1600,1300,1600,1600,1900,1600,1000,1300,1000,1300,1300,1000,-38,2.36,100
"weekly meal plan for weight loss",1300,2400,1600,1600,1300,1600,1300,1300,1300,1300,1300,1000,1000,-58,4.97,86
"vistaprint deals",1300,1000,1000,1600,1300,1300,1000,1300,1600,1300,1300,1300,1000,0,2.27,100
"commercial finance",1300,1000,1300,1300,1300,1300,1000,1300,1300,1300,1300,1300,1000,0,13.22,41
"womens gardening gloves",1300,1600,880,1300,2400,2400,1600,1300,880,880,720,720,1900,19,1.23,100
"walmart keto snacks",1300,1000,1000,1000,1300,1600,1600,1600,1600,1900,1600,1300,1000,0,0.36,100
"red and black plus size dress",1300,1600,1300,1300,1300,880,880,880,1000,1300,1300,1300,1000,-38,0.89,100
"western dress for girls",1300,1900,2400,1600,1300,1000,1000,1000,1000,1600,1300,1000,880,-54,0.77,100
"tbdress plus size",1000,390,1000,1300,1000,1300,1600,1300,1000,1600,1300,880,720,85,0.85,100
"weight loss tips for men",1000,1300,880,1000,880,1000,1000,1000,1000,1000,880,1000,1000,-23,3.07,21
"civic type r engine",1000,1000,880,1000,1000,1000,1000,1000,1000,1000,1000,880,880,-12,0.66,82
"jeans 2019",1000,1600,1300,1300,1000,880,590,720,1000,1000,880,880,480,-70,1.70,100
"sustainable construction",1000,880,880,880,1000,880,880,1000,1000,1300,1300,1300,1300,48,2.19,3
"meal plan for weight loss and muscle gain male",1000,880,880,880,880,1000,1000,1000,1000,1000,1000,1000,1000,14,4.85,35
"danner promo code",1000,2400,2400,1900,1600,1000,320,170,210,320,390,590,720,-70,3.79,100
"how to lose 20 lbs in 2 months",1000,880,880,1300,1300,1000,1000,720,2400,880,720,720,1000,14,2.19,20
"menu weight watchers",1000,1900,1600,1300,1300,1000,1000,1000,880,1000,880,590,720,-62,3.20,39
"plus size pinafore dress",1000,880,720,880,720,590,880,1000,880,1300,1600,1300,1000,14,0.90,100
"fashion victim",1000,1300,1000,1000,880,880,880,880,880,1000,1000,1000,880,-32,0.22,45
"car crash injury lawyer",1000,2900,2900,2400,1000,590,880,720,480,390,880,260,210,-93,149.19,32
"bmw n54 engine",1000,1000,880,1000,880,1000,1000,1000,1000,1000,1300,1000,1000,0,0.16,97
"belly fat flush",1000,1000,1000,1600,1300,1300,1300,1300,1000,1000,880,720,1300,30,0.81,100
"best travel companies",1000,1600,1000,1000,1000,1000,1000,1300,1000,1000,1000,880,1000,-38,6.36,49
"shutterfly bridal shower invitations",1000,1600,1600,1600,1000,1000,1300,880,720,480,390,480,480,-70,2.34,100
"wedding event planner",1000,1300,1300,1000,1000,1300,1000,1300,1000,1000,1300,880,1000,-23,3.59,81
"industrial copier",1000,1000,1000,1000,880,880,1000,1000,1000,1000,880,720,880,-12,3.11,100
"cheap spring break trips for families",1000,2900,2900,3600,590,70,90,170,320,320,590,480,720,-75,1.98,26
"find cheap plus size clothing",1000,1000,1000,1900,1600,1300,1000,1000,1000,880,720,720,590,-41,1.20,100
"big wedding cakes",1000,1300,1000,1000,1000,1000,1000,1300,1000,1000,1000,880,720,-45,0.08,99
"bus accident attorney",1000,1000,1300,1600,1600,2400,480,720,590,390,390,590,1000,0,172.81,15
"childrens desk and chair",1000,1600,880,880,480,390,590,590,1000,880,880,1900,2400,50,1.00,100
"life cover",1000,480,590,590,590,590,720,720,1300,1600,1600,1600,1600,233,8.90,28
"baha mar all inclusive",1000,1300,1600,1900,1000,880,880,880,880,390,390,590,720,-45,2.11,48
"paypal promo code",1000,1300,1300,1000,1000,1000,880,1000,1000,1000,1000,1600,1600,23,3.12,44
"pcos meal plan",1000,1000,1000,1000,1000,1000,1000,1000,1000,1000,1000,880,1000,0,1.43,27
"amazon promotional codes 2019",1000,1000,1300,2400,2900,1600,720,720,590,590,720,1000,1000,0,1.12,32
"brown leather desk chair",1000,1600,1000,880,720,1000,1000,1300,1600,1300,1000,1300,1000,-38,2.93,100
"tesla motor for sale",1000,720,590,880,720,1000,880,880,1000,1000,1300,1600,1300,81,0.16,100
"oneplus promo code",1000,1900,1600,1000,480,1000,880,880,720,590,720,1000,720,-62,1.37,78
"mazda rx7 engine",1000,1000,1000,1000,880,1000,880,880,1000,1300,1000,1000,1000,0,0.10,97
"personalized wedding invitations",1000,2900,1600,1600,880,880,880,880,720,880,720,720,590,-80,4.90,100
"low carb dark chocolate",1000,1900,1300,1300,1000,880,880,1000,880,880,720,720,590,-69,0.52,100
"no carb drinks",1000,1600,1300,1300,1000,1000,1300,1300,1000,880,880,590,590,-63,0.57,100
"blush wedding gown",1000,1300,1300,1300,880,880,880,1000,1000,880,880,720,720,-45,0.83,100
"meal plan for kids",1000,1300,880,1000,880,1000,1000,1300,1300,1000,880,880,880,-32,2.98,100
"how to lose 20 pounds in 3 weeks",1000,590,720,880,1000,1600,2400,1900,1000,590,480,480,880,49,2.43,10
"ashley desk",1000,1000,880,880,880,880,880,1000,1000,1000,1300,1300,1000,0,1.22,100
"plus size denim maxi dress",1000,720,880,1000,1300,1600,1300,1300,880,880,880,590,390,-46,0.70,100
"home based travel agent",1000,880,1000,1000,880,880,880,880,1000,1000,1000,880,880,0,2.47,80
"low calorie meals on a budget",1000,1000,880,1000,1300,720,1000,1300,1300,1300,1000,880,320,-68,1.44,15
"xeriscape landscaping",1000,880,720,880,1300,1600,1300,1000,1600,1600,1300,720,720,-18,3.96,12
"macys plus size gowns",1000,1000,1000,1300,1300,1300,720,720,1000,1300,1000,880,720,-28,0.78,100
"plum mother of the bride dresses",1000,1600,1000,1600,1000,1000,1000,1000,1300,1000,880,720,720,-55,0.78,100
"lawyers for employee and consumer rights",1000,1000,1000,1000,1000,880,880,1000,1000,1000,880,880,880,-12,16.13,63
"30 day keto fix",1000,5400,2400,1300,720,390,590,320,170,210,70,30,50,-99,1.28,100
"women's plus size long dresses",1000,1600,1300,1600,1600,1300,1000,1000,720,590,590,720,480,-70,0.85,100
"whole 30 list",1000,2900,1000,1000,1000,1300,880,880,720,880,880,590,1000,-66,5.47,5
"stihl leaf blower prices",1000,390,590,880,1000,880,880,480,880,1000,1900,1900,1000,156,0.92,100
"best battery powered leaf blower 2019",1000,,,110,480,880,880,880,880,1600,1900,2400,1900,1627,0.65,100
"beetroot nutrition",1000,1000,880,880,880,880,1000,1000,1000,1000,1000,1000,880,-12,0.88,3
"mauve wedding dress",1000,1000,880,1000,1000,1000,1000,1300,1300,1300,1000,720,720,-28,0.94,100
"office reception chairs",880,1600,880,880,720,880,720,880,880,720,880,880,880,-45,6.21,100
"30 inch desk",880,1000,720,720,720,720,720,880,1300,880,880,880,1300,30,1.63,100
"no carb no sugar desserts",880,1300,1300,1000,1000,1000,1000,880,880,720,590,480,480,-63,0.52,100
"kitchen and bathroom",880,880,880,880,880,720,880,880,880,720,720,720,720,-18,3.04,84
"cholesterol diet plan",880,720,1300,1600,880,880,1000,880,720,480,1000,720,720,0,0.80,77
"2011 hyundai sonata engine",880,880,880,880,880,880,880,880,1000,880,880,720,880,0,0.20,100
"electric cultivator",880,390,390,1000,1900,1900,1300,1000,590,590,480,320,320,-18,0.64,100
"startup lawyer",880,720,880,880,1000,880,720,880,720,880,880,880,720,0,9.03,46
"lamborghini urus engine",880,880,880,880,720,720,880,1000,1000,1000,1000,1000,880,0,19.37,2
"4 wheel wheelbarrow",880,480,480,880,1300,1300,1000,720,590,880,590,720,720,50,0.72,100
"evite bridal shower",880,1300,880,1000,1300,1600,1000,1000,1000,880,480,320,590,-55,2.24,100
"plus size bodycon club dresses",880,390,480,590,720,720,720,1000,1000,1600,1300,880,880,126,0.91,100
"house of cb discount code",880,1600,1600,1600,880,480,480,590,720,720,720,1000,1000,-38,1.40,81
"mitchell construction",880,880,720,880,880,880,880,880,880,880,880,720,720,-18,3.37,4
"russian wedding dress",880,880,880,720,720,880,720,880,880,880,880,880,720,-18,0.37,100
"couture cakes",880,880,1000,1000,720,720,720,880,880,880,720,720,590,-33,0.85,5
"how to lose 40 pounds in 4 months",880,1300,1600,1000,1000,1000,1000,480,720,720,720,480,1000,-23,6.51,21
"basque clothing",880,880,880,880,880,880,590,720,720,880,880,880,720,-18,0.49,100
"evo 8 engine",880,1000,720,880,880,880,880,720,880,880,880,720,880,-12,0.15,100
"sunflower bridal shower invitations",880,1000,880,1600,1300,1300,1300,1000,720,390,210,170,260,-74,3.23,100
"honda civic type r engine",880,880,720,880,880,880,880,880,880,1000,880,880,720,-18,1.66,95
"bamboo landscaping",880,880,880,1000,1300,1300,1000,1000,1000,880,720,590,590,-33,0.79,100
"gowns for plus size women",880,1900,1300,1300,880,880,720,590,590,480,720,1000,880,-54,1.09,100
"clothes for fat women",880,590,590,880,880,1000,1000,880,1000,1000,1000,1000,880,49,2.00,100
"ferrari engine for sale",880,1000,1000,1000,880,880,880,1000,1000,880,880,880,880,-12,0.23,100
"cute plus size summer outfits",880,260,480,880,1300,1900,1900,1600,880,320,90,90,90,-65,0.88,100
"marchesa notte bridal",880,1300,1000,880,880,880,720,720,880,880,880,720,720,-45,1.89,100
"hand held grass trimmer",880,110,140,260,880,2400,1900,1600,1000,720,390,210,170,55,0.51,100
"wix discount code",880,1000,1000,880,880,880,720,880,880,720,880,880,720,-28,6.97,12
"caterpillar construction",880,880,880,880,880,880,880,880,880,880,1000,880,880,0,0.79,79
"best free dating websites",880,1000,720,880,880,880,720,720,720,720,720,720,880,-12,3.01,69
"anthropology wedding dresses",880,1300,880,880,720,880,720,880,880,720,720,720,590,-55,1.12,100
"torrid prom dresses",880,1300,1300,2400,1900,720,170,170,210,480,320,210,210,-84,0.81,100
"kohls free shipping code no minimum",880,1000,720,1000,1000,720,480,720,1300,590,590,480,720,-28,0.32,25
"21 day fix extreme meal plan",880,880,1300,1600,1000,880,1000,1300,1300,880,390,320,390,-56,0.66,83
"nice landscape",880,720,720,1000,1300,1300,880,720,720,880,880,880,590,-18,4.43,2
"24 hour lawyer",880,720,880,720,720,720,720,880,1000,880,720,720,720,0,9.85,78
"complete landscaping",880,720,720,880,1000,1000,880,880,880,880,880,720,720,0,5.03,20
"small business seo services",880,1000,1000,1000,880,880,1000,590,590,480,590,720,1000,0,21.09,15
"building column",880,880,880,1000,1000,880,880,880,880,1000,1000,1000,720,-18,1.22,90
"low carb snack bars",880,1600,1000,1000,880,880,880,880,1000,1000,880,590,480,-70,1.70,100
"plus size fila dress",880,390,880,1600,1600,880,1300,880,720,390,260,170,210,-46,0.68,100
"atkins ice cream",880,1300,880,880,1000,1000,1000,1000,880,590,480,260,210,-84,0.65,100
"amazon discount coupon code",880,260,170,210,170,210,210,1600,1300,1600,1600,1300,1300,400,1.03,44
"steel filing cabinet",880,1600,1000,880,880,880,720,880,880,880,880,880,880,-45,2.13,100
"workout and meal plan",880,1600,880,1000,880,880,880,880,720,720,720,590,720,-55,1.68,100
"construction accident lawyers",880,590,1000,880,1000,1300,320,480,320,210,390,1000,1600,171,247.09,18
"plus size mustard dress",880,480,480,880,1000,880,720,880,880,1300,1000,590,260,-46,0.96,100
"perennial landscaping",880,320,390,880,1900,2400,1300,1000,880,720,390,260,170,-47,3.51,67
"safest all inclusive resorts",880,1000,720,880,590,720,2400,880,880,590,720,720,1000,0,1.15,33
"ikea long desk",880,1000,720,880,880,880,880,880,1000,880,880,720,880,-12,0.71,100
"money mart loan",880,1000,880,480,480,880,720,880,1000,1000,720,880,880,-12,4.29,43
"low carb protein bar recipe",880,1300,1000,1000,880,880,880,1000,1000,880,880,590,390,-70,2.63,34
"mini countryman for sale",880,480,720,880,880,880,1000,1000,1000,1000,1000,880,720,50,2.94,64
"e loan",880,1000,1000,1000,1300,880,720,720,880,720,720,590,590,-41,3.01,55
"jd construction",880,880,880,880,1000,880,880,1000,1000,880,880,720,590,-33,1.96,7
"best vacation package websites",880,1000,880,1000,720,720,720,880,1600,880,720,590,720,-28,3.50,51
"recommended daily intake",880,880,1000,1000,880,720,590,590,590,720,1000,880,720,-18,0.49,0
"dillards women's dresses plus size",880,880,720,1000,1000,1000,880,1000,1000,880,720,480,590,-33,1.09,100
"asos dresses sale",880,880,1000,1000,1000,720,880,720,1000,880,720,590,590,-33,0.49,100
"grey l shaped desk",720,880,720,880,590,590,590,880,1000,880,720,720,880,0,1.80,100
"secretary desk for sale",720,880,720,880,720,590,480,590,720,590,720,590,880,0,1.14,100
"cap sleeve cocktail dress",720,720,880,1000,1000,1000,1000,720,1000,880,480,390,170,-76,1.33,100
"circular driveway landscaping",720,480,480,1300,1300,1000,720,720,720,720,590,590,390,-19,,7
"best airline booking site",720,720,720,720,720,720,590,720,720,720,590,590,590,-18,3.43,67
"5 drawer lateral file cabinet",720,1000,720,880,720,590,720,720,720,720,720,590,480,-52,7.37,100
"how to lose 3 lbs a week",720,880,880,1300,880,720,720,590,720,590,590,390,590,-33,1.02,4
"keto vegan breakfast",720,880,720,880,720,590,720,720,880,720,720,720,720,-18,0.74,87
"best adult only resorts",720,1000,720,880,720,720,590,590,720,590,590,590,720,-28,0.73,34
"keto chocolate chip cookie dough",720,1300,1000,880,720,720,720,720,880,720,720,480,480,-63,0.47,97
"mother of the bride dresses size 16",720,1900,1300,1000,880,480,390,590,590,480,390,260,170,-91,0.79,99
"social media seo",720,590,720,720,720,720,480,590,880,720,720,590,480,-19,6.54,15
"keto meals recipes",720,880,720,590,590,590,590,720,720,720,720,590,480,-45,0.95,49
"g plan diet",720,590,880,480,590,1900,1000,1000,480,880,320,210,720,22,3.41,94
mangools,720,480,480,480,590,590,590,720,720,720,880,1000,880,83,0.80,15
"sz motorcars",720,480,590,590,590,720,720,590,720,1000,1000,880,880,83,0.71,0
"how to reduce belly fat naturally",720,720,720,720,720,880,720,880,590,590,480,480,390,-46,1.82,21
"zero carb recipes",720,1600,1000,880,880,720,590,720,590,720,590,480,390,-76,0.20,25
"endomorph diet plan female",720,590,720,1900,1300,880,720,880,1000,590,210,90,320,-46,3.27,95
"airline booking sites",720,720,720,720,880,590,720,720,720,720,720,590,480,-33,2.77,80
"solar powered usb charger",720,390,320,390,390,590,480,720,3600,590,390,320,320,-18,0.97,100
"dodge challenger hellephant",720,880,720,590,720,880,880,590,590,720,590,480,480,-45,0.54,49
"ryobi battery leaf blower",720,210,260,480,590,720,720,590,590,590,880,1300,1000,376,0.55,100
"craftsman water hose",720,480,480,590,880,1000,1000,880,590,720,480,320,320,-33,0.56,100
"low carb ice cream walmart",720,1300,720,720,720,720,880,880,1000,880,480,390,390,-70,0.18,100
"small folding desk",720,880,720,720,480,720,590,720,1300,880,720,720,720,-18,1.17,100
"dan deery motors",720,480,480,590,590,720,880,720,720,590,720,880,590,23,1.22,1
"bridal gowns 2019",720,1000,880,590,720,590,590,880,880,720,720,590,390,-61,0.93,100
"solar panel car battery charger",720,590,720,720,590,720,720,720,720,720,880,720,720,22,0.67,100
"round trip flights under 100",720,720,880,1000,720,880,880,880,720,590,590,480,590,-18,0.87,61
"3000 calorie diet",720,880,590,720,720,720,720,720,720,590,590,590,590,-33,2.42,4
"white church dresses plus size",720,590,880,1300,1000,720,720,1000,720,720,880,390,390,-34,0.87,100
"wood file cabinet ikea",720,880,590,880,720,590,590,590,720,590,590,720,590,-33,1.27,100
"permission marketing",720,720,880,880,880,880,480,590,590,880,880,880,880,22,5.51,4
"how to burn face fat",720,720,590,720,590,590,590,590,590,590,590,720,880,22,5.62,4
"last minute disney cruise deals",720,720,880,880,720,720,880,880,590,480,590,590,720,0,1.18,30
"mini tiller cultivator",720,390,480,1300,1900,1900,1000,720,320,390,260,170,110,-72,0.52,95
"expedia travel packages",720,590,590,590,480,590,720,720,880,590,720,590,880,49,0.71,33
"how to get skinny in a day",720,320,390,590,590,590,880,1000,1000,590,390,590,720,125,1.76,16
"plus size flare dress",720,720,590,880,1000,1000,880,720,720,720,590,590,480,-33,1.14,100
"expedia all inclusive vacations",720,880,720,880,720,1300,590,720,880,480,480,720,880,0,1.49,31
"starting a travel agency",720,720,720,720,590,590,720,720,720,720,720,590,590,-18,2.88,73
"carbless meals",720,1000,720,880,720,720,590,590,590,590,590,480,480,-52,0.57,89
"lowes solar panels",720,720,590,720,720,880,880,880,880,720,720,720,590,-18,1.11,100
"best caribbean beach resorts",720,1000,880,880,720,720,590,590,720,590,590,590,880,-12,3.04,30
"best all inclusive honeymoon",720,1000,720,880,720,590,720,590,590,480,590,480,590,-41,2.32,41
"cheap plus size gowns",720,880,880,720,880,720,390,480,480,480,720,720,880,0,0.69,100
"office chair store",720,880,720,720,590,720,880,720,880,880,590,720,880,0,2.20,100
"leaf blower attachments",720,590,390,480,590,720,590,480,480,880,1300,1900,720,22,0.52,100
"general contractor services",720,590,720,720,720,720,720,720,720,880,720,720,720,22,7.97,53
"red lace cocktail dress",720,1000,880,590,590,590,480,480,590,880,720,880,720,-28,0.89,100
"handmade wedding cards",590,320,390,480,590,720,720,590,880,880,590,390,320,0,1.17,100
"golf cart solar panel",590,390,480,590,590,720,720,720,590,590,480,320,480,23,0.87,100
"mazda wankel engine",590,480,590,480,590,720,720,480,480,720,720,480,480,0,0.75,77
"used executive desk",590,880,720,590,720,590,590,480,590,390,390,880,390,-56,1.64,100
"student travel discounts",590,720,720,880,720,720,590,590,480,590,590,590,590,-18,1.78,42
"turtle bay resort packages",590,590,480,1300,480,590,590,720,590,480,390,390,480,-19,2.14,62
"the plan diet",590,720,720,720,590,720,480,480,590,480,480,390,390,-46,0.43,94
"l shaped computer desk ikea",590,880,720,590,390,590,480,480,880,480,480,480,480,-45,0.97,100
"home office storage cabinets",590,590,480,590,390,720,880,480,480,480,480,480,590,0,2.36,100
"fashion nova plus size special occasion dresses",590,260,260,480,320,480,390,480,720,880,1000,880,590,127,0.78,100
"fig trees for sale near me",590,320,260,590,720,880,880,880,1000,720,320,170,210,-34,0.95,100
"reception area chairs",590,590,720,590,590,720,480,480,720,480,480,720,480,-19,5.53,100
"left handed desk",590,720,590,590,480,480,390,590,880,880,590,480,590,-18,1.84,100
"grand palladium bavaro suites",590,880,1000,1000,1000,720,480,260,210,170,210,260,210,-76,2.77,22
"short bridal gowns",590,4400,390,260,260,170,210,320,210,170,210,90,110,-98,0.97,100
"all inclusive with kids",590,880,720,720,590,480,480,390,390,390,390,390,590,-33,2.00,44
"tesla model s motor",590,480,480,590,590,480,480,390,480,590,880,880,590,23,0.06,100
"stationary office chair",590,720,590,590,480,320,480,480,590,590,590,480,590,-18,3.32,100
"fruit diet plan",590,260,480,720,480,880,880,880,480,480,590,480,320,23,0.59,27
"veil comb",590,590,720,880,720,720,720,720,590,590,590,390,320,-46,0.54,100
"front walkway",590,320,390,880,1000,880,720,720,590,590,480,320,210,-34,2.85,75
"paleo diet menu",590,1600,880,720,590,480,480,480,390,390,390,480,390,-76,1.39,25
"ikea galant file cabinet",590,720,480,590,590,720,720,480,720,720,590,480,590,-18,0.63,100
"seo google analytics",590,480,590,480,590,590,480,590,720,880,720,590,480,0,13.85,14
"hand garden tiller",590,260,320,880,1600,1600,880,480,390,320,210,210,170,-35,0.53,100
"digital marketing campaign",590,590,590,590,590,480,480,590,590,590,590,590,720,22,9.97,33
"solar powered outdoor fan",590,140,170,320,590,1000,1600,1600,720,480,210,140,90,-36,1.24,100
"j&s landscaping",590,390,320,590,1000,1000,720,720,720,590,480,390,260,-33,6.67,10
"jr bride dresses",590,1000,720,720,720,480,590,720,590,590,590,480,320,-68,0.87,100
"hand grass trimmer",590,110,110,260,720,1600,1300,1000,590,390,260,110,90,-18,0.40,100
"mother of the bride tropical dresses",590,720,720,880,590,480,390,590,590,480,390,320,390,-46,0.65,100
"bathroom renovations on a budget",590,480,390,480,480,480,480,590,720,720,880,880,720,50,6.71,60
"best keto recipes 2017",590,1600,1000,720,320,170,390,590,480,590,480,210,170,-89,0.12,72
"express deals flights",590,480,480,590,720,590,590,720,590,880,590,480,720,50,2.20,73
"top designer mother of the bride dresses",590,590,720,590,590,480,480,590,720,590,390,590,720,22,0.97,100
"carb free pancakes",590,1000,720,880,590,590,480,590,480,480,480,320,260,-74,0.22,100
"mint green cocktail dress",590,590,720,1000,1000,880,590,590,480,390,320,260,320,-46,1.06,100
"fashion and style",590,480,390,480,480,590,390,480,480,590,880,880,590,23,1.43,58
"legal aid divorce lawyers",590,880,880,720,720,480,590,720,590,480,590,390,480,-45,9.25,82
"keto at qdoba",590,1000,720,720,720,590,480,590,590,480,590,480,320,-68,1.28,3
"hosick motors",590,480,720,590,260,390,590,720,720,720,720,720,720,50,0.98,18
"mother of the bride evening gowns",590,720,880,720,590,590,590,590,720,720,590,480,390,-46,1.45,100
"low carb cocktail sauce",590,1000,880,720,590,590,590,590,590,480,390,390,590,-41,0.23,100
"davids bridal plus size dresses",590,590,720,590,590,390,260,590,720,590,590,390,480,-19,1.17,100
"lane bryant mother of the bride",590,1600,1000,1000,720,590,480,390,320,210,140,210,90,-94,0.71,100
"how to help a child lose weight",590,590,480,590,480,480,720,720,720,590,590,480,480,-19,1.90,98
"cheap attorneys near me",590,590,480,590,590,590,480,480,590,590,590,480,480,-19,5.56,78
"unfinished wood desk",590,880,720,720,390,480,590,720,720,720,590,590,590,-33,1.04,100
"ashley stewart summer dresses",590,390,390,590,720,480,1000,720,720,590,390,480,320,-18,0.39,100
"cheap flights last minute deals",590,590,720,480,390,480,720,720,590,480,480,390,720,22,1.38,50
"weight watchers online program",590,720,480,390,260,390,390,1300,720,720,480,390,480,-33,2.33,47
"ebuy motorcars",480,320,880,480,320,480,390,170,480,480,590,390,320,0,,3
"best wordpress hosting 2019",480,210,260,390,480,480,480,590,590,590,880,720,480,129,38.25,84
"mcadam financial advisor",480,140,170,320,720,590,320,320,480,590,880,590,480,243,17.19,12
"tahari plus size dresses",480,320,480,590,590,720,320,480,480,480,390,260,260,-19,1.31,100
"top tier cakes",480,480,590,480,480,590,590,590,480,390,390,480,390,-19,1.56,19
"financial advisor iq",480,390,390,390,390,480,480,480,480,480,720,590,590,51,18.38,14
"green midi cocktail dress",480,590,720,590,590,210,260,260,590,480,320,480,260,-56,1.35,100
"coaster desk",480,720,390,390,320,320,320,320,390,480,480,590,480,-33,1.03,100
"non rolling desk chair",480,590,480,480,480,320,390,590,720,480,390,590,720,22,1.66,100
"arab dating site",480,480,320,390,390,480,480,590,590,590,590,480,590,23,3.19,64
"healthy diet plan for men",480,720,480,480,480,480,390,480,480,390,390,390,390,-46,3.52,61
"disney packages for 2",480,480,880,1300,480,590,390,320,320,260,320,320,390,-19,2.11,52
"how to lose fat in a week",480,210,320,480,480,590,590,880,720,390,390,210,210,0,3.36,15
"concrete curb edging",480,260,210,480,720,880,720,720,720,590,390,210,210,-19,1.23,100
"leaf blowers for sale near me",480,170,90,260,480,480,320,260,320,590,720,1000,480,182,0.66,100
"long sleeve plus size bridal gowns",480,590,480,480,390,320,390,390,480,590,480,390,480,-19,0.49,100
"designer jewellery online",480,390,390,390,390,480,480,390,590,390,480,480,480,23,2.32,100
"mk motors",480,480,480,590,480,480,480,480,480,480,590,480,480,0,4.24,6
"how to get rid of belly fat fast without exercise",480,590,590,720,590,590,590,590,590,390,320,260,210,-64,1.70,100
"stihl leaf blower vacuum",480,260,170,260,880,590,320,140,210,260,480,1000,1600,515,1.14,100
"vigoro landscape edging",480,90,110,390,720,1000,1000,480,590,390,320,210,70,-22,0.48,100
"oleg cassini bridal gowns",480,590,480,320,390,390,390,590,480,390,590,390,260,-56,0.31,100
"size 26 dress",480,720,590,720,720,390,480,320,390,480,390,480,320,-56,1.62,100
"lumbar chair",480,590,390,390,480,480,390,480,480,480,480,390,590,0,2.25,100
"cheap motors",480,480,590,590,590,480,480,480,590,590,480,390,480,0,0.88,100
"modern law",480,480,590,480,390,390,320,320,590,590,590,390,480,0,1.47,1
"big office desk",480,480,390,390,390,480,390,390,590,480,480,390,480,0,2.79,100
"priceline all inclusive",480,590,720,720,480,590,480,320,320,320,320,260,390,-34,1.27,37
"4th of july vacation packages 2019",480,110,210,320,320,1000,2400,480,10,10,10,10,20,-82,1.65,32
"dremel lawn mower blade sharpener",480,70,90,480,1000,1300,880,590,320,390,320,110,70,0,0.33,100
"heavy duty garden cart",480,260,260,480,720,880,590,590,480,480,390,320,390,50,1.24,100
"buy computer desk",480,480,390,480,390,480,390,390,590,590,390,480,480,0,2.76,100
"cheap flights for new years",480,70,30,30,30,50,90,140,260,390,880,1600,2400,3329,1.26,39
"cotton gown",480,590,480,590,480,590,480,720,480,320,480,590,480,-19,1.10,100
"keto milk chocolate",480,720,720,590,590,480,480,390,390,480,480,320,320,-56,0.75,100
"small house renovations",480,390,390,480,480,480,590,590,590,720,590,590,590,51,2.94,72
"how to lose lower belly fat male",480,720,720,720,720,590,480,590,480,320,390,320,260,-64,3.94,5
"affiliate marketing strategy",480,210,210,210,210,320,170,210,590,720,720,1600,720,243,6.06,25
"wedding party invites",480,590,480,480,480,480,480,590,480,480,480,390,320,-46,4.07,100
"top car accident lawyers",480,320,1000,590,320,320,210,210,260,390,480,590,720,125,46.83,16
"oak desk chair",480,590,480,390,390,390,390,390,390,480,590,480,390,-34,1.23,100
"gas leaf blower vacuum",480,210,170,480,590,480,320,320,320,390,720,1300,720,243,0.66,100
"best digital marketing company",480,320,390,480,590,480,480,590,590,390,590,480,590,84,26.82,30
"copiers for sale",480,320,480,390,320,480,590,590,590,390,480,480,480,50,6.71,100
"couples sans souci all inclusive",480,480,320,320,320,390,590,480,590,480,390,390,480,0,2.30,35
"kelly green cocktail dress",480,480,720,480,720,390,390,480,590,590,390,480,320,-33,1.11,100
"optavia 5&1",480,480,720,320,390,320,320,590,720,880,590,260,320,-33,2.18,8
"invitation suite",480,590,480,590,480,480,480,480,390,480,390,390,320,-46,2.92,100
"cocktail dress for cruise",480,720,590,590,480,480,480,390,480,590,480,320,480,-33,1.11,100
"paleo on a budget",480,880,590,480,480,480,390,590,480,480,480,390,390,-56,2.95,9
"lamborghini engine for sale",480,480,590,590,590,480,590,480,480,480,480,480,390,-19,0.10,100
"kevin's landscaping",480,170,170,390,720,880,720,590,590,390,480,390,210,24,3.89,14
"lawyers near me for suing",480,590,480,590,590,590,480,480,480,390,480,320,320,-46,11.02,75
"solar supply near me",480,260,260,320,390,480,590,880,590,390,480,320,590,127,5.22,58
"garden scythe",480,260,320,480,590,720,590,590,590,390,480,170,320,23,0.33,100
"simple ways to lose weight",480,590,480,480,480,480,480,480,480,390,480,480,480,-19,5.52,38
"small business lawyers",480,480,590,480,590,480,480,480,590,480,480,390,480,0,12.73,56
"camping solar system",480,320,320,590,480,590,480,480,480,480,480,390,390,22,0.84,100
"hand fertilizer spreader",480,210,320,720,1000,880,720,480,390,390,390,210,140,-33,0.49,100
"countertop remodel",390,480,320,390,320,320,320,390,390,390,390,390,390,-19,1.73,100
"12v charge controller",390,590,390,390,390,320,320,320,320,390,320,320,260,-56,0.62,100
"how to shrink my stomach",390,390,390,480,390,390,390,390,390,390,390,320,320,-18,5.02,4
"kitchen remodel white cabinets",390,590,480,480,480,390,390,390,390,390,390,390,390,-34,1.37,100
"long office table",390,390,390,390,320,390,320,390,320,390,390,320,320,-18,4.08,100
"affordable trips",390,480,480,480,390,480,480,390,320,320,320,390,480,0,1.82,47
"inbound outbound",390,390,320,320,390,390,320,390,390,390,480,390,320,-18,5.57,7
"folded invitation",390,480,590,480,590,480,320,390,480,320,320,320,260,-46,2.66,100
"1900 calorie meal plan",390,390,480,480,480,390,480,390,320,320,320,320,390,0,0.75,8
"free dating chat rooms",390,390,480,260,320,390,390,390,390,480,320,320,320,-18,1.83,78
"simple wedding veil",390,390,480,390,320,320,320,480,720,590,390,390,320,-18,0.59,100
"graham law firm",390,390,390,390,390,320,320,390,390,390,480,390,390,0,4.41,9
"healthy food diet plan",390,590,390,390,390,390,390,480,390,320,390,390,390,-34,2.58,44
"web hosting deals",390,390,480,320,390,390,320,260,260,260,320,590,480,23,22.39,60
"how to lose baby fat on face",390,390,320,320,260,320,390,480,390,390,390,320,390,0,0.32,1
"big size dress",390,320,320,390,590,480,320,390,320,390,320,390,320,0,1.22,97
"springfield clothing",390,480,320,390,390,390,390,390,390,390,320,390,390,-19,0.93,31
"solar energy installation",390,320,320,260,390,480,390,320,260,320,320,260,590,84,13.56,26
"free php hosting",390,390,480,390,480,320,320,320,320,320,390,320,390,0,5.79,37
"cheap vacation packages couples",390,480,480,590,590,480,480,390,390,260,210,260,260,-46,3.08,65
"computer credenza",390,590,480,480,390,390,320,480,480,390,320,480,260,-56,2.31,100
"hand rototiller",390,110,140,390,880,1000,720,480,260,260,210,110,90,-18,0.65,100
"sharp solar panels",390,320,260,480,390,390,390,590,590,480,480,390,480,50,0.93,94
"silfab 310",390,260,320,390,390,390,480,480,480,480,390,320,210,-19,0.45,100
"long handled pruners",390,210,170,390,390,480,720,590,480,320,320,260,170,-19,0.72,100
"google free website hosting",390,390,480,480,480,390,390,390,390,390,390,390,390,0,26.36,65
"wilton wedding cakes",390,590,480,590,390,390,480,480,480,480,390,210,210,-64,0.24,100
"hot fashion",390,480,390,390,390,320,320,390,390,390,390,480,480,0,0.48,95
"chic plus size",390,480,390,480,480,390,390,390,480,480,390,390,390,-19,1.02,100
"ford motor company subsidiaries",390,140,140,210,260,260,210,260,260,260,590,1300,1000,614,0.85,4
"how to lose belly fat and get abs",390,390,260,320,390,390,480,390,390,320,390,390,390,0,3.29,19
"smart investor",390,390,390,480,320,320,320,390,390,320,390,480,390,0,1.10,18
"justin alexander dresses",390,590,590,390,390,260,320,320,260,320,390,260,260,-56,0.43,98
"wedding overskirt",390,390,480,480,320,480,390,390,390,480,390,260,320,-18,0.59,100
"green building design",390,320,390,480,480,480,260,260,320,390,480,480,480,50,6.75,5
"buy filing cabinet",390,390,320,390,480,480,480,590,390,320,320,480,320,-18,3.37,100
"modern invitation",390,590,480,480,390,480,390,390,390,480,390,390,260,-56,5.12,100
"couture cocktail dresses",390,480,480,590,480,320,260,320,480,390,320,320,320,-33,1.17,100
"size 28 dress",390,480,480,480,720,390,260,320,480,480,390,390,320,-33,1.14,100
"simple invitation",390,480,390,480,390,480,320,390,320,320,320,260,260,-46,4.59,100
"best family vacation resorts",390,590,590,590,480,480,390,390,320,210,320,260,390,-34,2.28,46
"my groupons view voucher",390,1600,1000,720,320,260,170,170,210,70,110,110,110,-93,0.39,22
"usmani motor cars",390,390,320,390,480,720,480,480,480,480,480,320,260,-33,0.33,13
"2019 cocktail dresses",390,390,390,390,390,320,210,260,390,480,320,390,260,-33,1.16,100
"luxury office desk",390,480,480,390,320,320,590,320,390,260,390,320,320,-33,2.68,100
"plus size flapper dress cheap",390,320,210,480,260,210,260,260,260,480,480,390,880,175,0.60,100
"solar charging battery pack",390,260,170,210,260,320,320,590,390,390,480,480,390,50,1.36,100
"digital marketing business",390,390,480,390,390,390,320,480,480,390,480,480,480,23,13.07,38
"3 layer wedding cake",390,480,390,390,390,480,480,390,390,320,390,260,210,-56,0.16,100
"simple 1200 calorie meal plan for 7 days",390,590,480,480,590,480,480,260,260,260,390,260,390,-34,3.27,32
"how to lose 10 lbs in 3 weeks",390,390,390,480,480,590,590,390,390,390,320,260,260,-33,5.01,13
"homcom chair",390,260,170,260,170,140,140,170,210,170,170,260,2900,1015,0.92,100
"bathroom renovation contractors",390,320,390,480,480,390,320,390,390,390,390,320,390,22,20.52,38
"hubspot seo",390,390,390,320,390,390,320,390,390,390,390,320,260,-33,,6
"carbohydrate free foods",390,720,480,390,390,390,390,320,320,320,320,260,260,-64,0.28,92
"honda s2000 automatic",390,390,320,390,480,390,390,390,480,390,390,260,320,-18,1.08,22
"la femme mother of the bride dresses",390,480,390,880,590,390,260,480,390,390,320,260,70,-85,1.04,100
"all inclusive vacation destinations",390,390,260,320,210,210,260,1000,1000,170,210,210,260,-33,2.88,77
"ikea erik file cabinet",390,480,390,480,390,390,390,480,480,390,320,390,320,-33,0.40,100
"plus size church dresses and suits",390,480,590,1000,590,390,480,260,320,320,210,210,170,-65,1.27,100
"costco task chair",390,210,260,140,140,210,170,210,260,170,140,480,2400,1043,0.87,100
"wedding cake figurines",390,390,390,480,480,390,390,390,480,320,390,260,210,-46,0.26,100
"sottero midgley",390,590,480,480,390,390,320,390,390,390,390,320,260,-56,0.59,85
"seo app",390,320,320,390,320,320,320,390,390,720,590,390,480,50,14.38,17
"cheap caribbean all inclusive packages",390,1300,1300,1000,210,170,110,90,110,170,210,170,320,-75,4.42,69
"ikea desk and chair",320,390,260,390,210,210,320,390,480,320,320,260,320,-18,0.62,100
"cordless leaf blower and vacuum",320,140,110,140,320,210,210,260,210,320,480,880,390,179,0.86,100
"beach themed wedding cake toppers",320,390,390,480,480,390,480,320,390,260,210,110,140,-64,0.39,100
"long handle shovel",320,390,390,390,390,390,320,320,320,260,320,260,320,-18,0.95,100
"bolanburg desk",320,390,390,320,320,320,260,320,320,320,320,390,320,-18,1.58,100
"plus size beach",320,480,320,480,390,480,390,390,260,210,210,320,260,-46,0.87,100
"wish clothing plus size",320,260,260,390,480,210,320,260,260,320,480,260,170,-35,1.05,100
"how to lose midsection fat",320,480,320,320,480,390,320,390,320,390,320,260,210,-56,1.19,10
"plus size black t shirt dress",320,210,170,320,320,320,390,390,320,390,320,170,140,-33,0.97,100
"adjustable desk frame",320,390,320,320,320,320,260,320,260,260,320,390,320,-18,3.33,100
"goway travel agent",320,390,170,260,320,320,260,320,320,390,320,320,260,-33,0.35,18
"sherri hill bridal",320,720,320,390,260,260,320,260,320,320,260,210,210,-71,0.88,100
"best local seo company",320,320,390,390,320,210,170,210,320,390,480,390,390,22,26.53,15
"inexpensive vacation spots",320,590,480,260,390,480,480,390,260,170,140,170,260,-56,1.55,34
"free to browse dating sites",320,260,260,260,260,260,320,390,320,320,390,320,320,23,1.90,83
"stark brothers trees",320,210,170,260,390,880,260,260,210,260,320,260,170,-19,0.30,81
"alex evenings plus size gowns",320,390,390,590,390,480,210,480,480,320,260,210,90,-77,1.52,100
"average home renovation cost",320,320,320,320,320,320,260,260,320,260,320,320,320,0,5.35,33
"captrust 401k",320,260,260,260,320,210,210,320,320,260,320,390,390,50,13.72,6
"free affiliate marketing",320,210,170,210,170,210,210,170,390,480,390,480,590,181,5.75,74
"julian price house renovation cost",320,,590,210,1000,170,880,210,140,110,110,320,480,-19,3.69,4
"vacation packages with airfare",320,480,480,480,320,390,320,390,320,210,260,260,260,-46,1.72,86
"healthy keto meal plan",320,480,390,390,320,320,320,320,320,260,260,210,260,-46,1.37,100
"easy alkaline diet plan",320,260,260,390,720,390,260,320,260,260,170,140,110,-58,0.86,100
"bikini diet",320,480,480,480,480,480,320,260,260,210,210,170,210,-56,0.77,89
"white designer cocktail dress",320,320,320,260,390,210,390,390,320,210,260,320,140,-56,1.94,100
"rideable lawn mower",320,170,140,260,480,480,590,390,480,320,260,260,260,53,0.52,100
"red cocktail dresses for weddings",320,480,390,390,170,390,260,320,260,390,390,320,210,-56,0.90,100
"free legal counsel",320,260,260,320,320,390,260,390,320,390,320,320,320,23,3.49,63
"how to lose 45 pounds",320,320,320,390,320,320,390,320,320,390,390,320,390,22,3.79,23
"how to lose hormonal belly fat",320,110,90,210,480,320,720,480,260,320,320,260,170,55,3.65,13
"how to lose 40 lbs in 2 months",320,260,260,390,590,590,390,210,210,320,320,210,210,-19,2.06,23
"renovation nation",320,210,170,210,170,210,210,210,320,390,480,590,390,86,4.90,6
"digital content strategy",320,320,390,390,320,320,320,390,320,320,390,320,390,22,9.32,16
"workout food plan",320,390,320,320,260,260,390,390,320,260,210,210,320,-18,1.81,49
"pi insurance",320,260,320,390,260,320,390,390,390,320,390,320,390,50,14.08,44
"best cheap tropical vacations",320,590,390,480,320,320,260,260,210,210,260,260,260,-56,1.66,14
"haworth desk",320,320,320,320,260,260,260,390,320,320,390,320,260,-19,3.42,100
"2 week weight loss plan",320,320,590,390,260,260,260,260,210,170,170,260,320,0,4.25,29
"groupon flight deals",320,320,260,320,320,480,590,390,390,210,210,210,170,-47,0.64,41
"long reach pruner",320,260,260,320,390,390,480,590,390,320,260,210,210,-19,0.59,100
"most romantic all inclusive resorts",320,390,480,390,320,210,320,320,320,260,260,260,320,-18,1.22,33
"how to lose 5 lbs in 2 days",320,210,210,260,260,260,320,320,320,210,320,320,480,129,1.67,2
"best free online dating website",320,210,210,720,720,590,720,480,140,110,90,90,90,-57,2.26,67
"herman miller executive chair",320,390,390,320,320,260,320,260,390,320,320,390,390,0,4.56,100
"backyard landscape lighting",320,210,210,320,390,390,480,320,210,320,320,210,170,-19,0.93,100
"best all inclusive vacations for couples",320,480,320,320,320,320,320,260,170,170,210,260,480,0,3.07,64
"seo advertising",320,320,390,320,390,260,320,260,320,260,320,480,390,22,19.74,43
"winter invitations",320,480,320,50,40,50,90,110,170,320,590,880,720,50,2.54,100
"space solutions file cabinet",320,480,390,320,320,320,320,210,320,260,260,260,260,-46,1.04,100
"concrete slab construction",320,260,320,390,590,480,260,390,320,320,260,260,140,-46,1.31,27
"wholesale fruit trees",320,390,480,590,480,390,260,210,260,210,260,260,390,0,0.96,100
"closet remodel cost",320,480,390,320,320,260,260,260,260,260,260,260,260,-46,11.43,100
"riding lawn mower cart",320,260,320,480,590,590,480,260,210,210,260,110,140,-46,0.71,100
"solar powered hot water heater",260,320,260,210,210,260,260,260,260,390,260,320,260,-19,1.44,100
"umicore stock",260,170,260,210,590,390,170,260,210,260,260,210,260,53,11.84,4
"plus t shirt dress",260,170,210,390,390,480,390,390,260,260,110,90,140,-18,0.86,100
"japanese pruning shears",260,210,170,210,210,320,320,260,260,320,320,210,320,52,0.74,100
"how to burn fat fast without exercise",260,390,320,260,140,260,320,320,260,170,260,320,320,-18,1.40,100
"how to lose hormonal weight",260,170,260,210,170,390,260,480,170,170,320,260,110,-35,2.48,31
"mac duggal cocktail dress",260,170,320,390,260,320,170,170,210,260,260,260,320,88,1.37,100
"ckd diet plan",260,260,260,260,170,170,260,320,390,260,320,320,170,-35,1.37,35
"10000 watt solar panel",260,260,260,260,260,260,210,320,320,260,260,210,260,0,1.32,100
"rebath average cost",260,480,480,320,320,320,320,260,210,170,210,210,170,-65,5.95,64
"solar price per watt",260,260,260,320,320,320,260,260,260,320,260,260,260,0,6.06,83
"google local search",260,210,260,260,260,210,210,260,210,170,210,260,320,52,6.55,6
"riu tequila all inclusive",260,260,260,720,320,320,260,320,110,70,260,320,140,-46,1.88,31
"toyota chr engine",260,210,260,260,210,320,260,210,260,260,210,170,210,0,4.88,28
"second hand bridesmaid dresses",260,390,390,320,260,210,210,260,260,170,260,170,170,-56,1.18,100
"marketing budget plan",260,170,210,210,390,260,170,170,170,170,320,390,480,182,16.69,19
"plus overall dress",260,170,210,260,260,210,210,170,320,390,390,320,320,88,0.91,100
"neiman marcus cocktail dresses on sale",260,320,390,390,390,320,260,140,210,260,210,210,170,-47,1.49,100
"personal financial consultant",260,260,260,210,260,210,210,260,260,210,210,260,390,50,14.88,54
"birch trees for sale near me",260,90,110,210,480,480,480,390,320,260,210,110,110,22,0.98,100
"discount vouchers",260,210,260,260,320,260,260,320,320,260,390,390,260,24,1.25,97
"amazon plus size hawaiian dresses",260,90,210,210,320,390,390,480,260,210,170,110,90,0,0.58,100
"increase seo",260,320,320,390,320,260,260,260,260,210,210,210,210,-34,10.98,45
"being a travel agent",260,260,210,320,210,210,260,260,260,260,260,210,260,0,2.52,63
"teri jon by rickie freeman cocktail dress",260,320,210,320,320,590,320,320,210,170,90,140,140,-56,3.93,100
"kia sportage engine",260,320,260,320,320,260,260,320,320,260,320,260,260,-19,3.59,73
"10kw solar panel",260,210,210,260,260,260,170,260,390,320,390,320,210,0,1.03,100
"singles resorts all inclusive over 40",260,320,260,320,260,260,320,320,260,210,210,260,320,0,2.94,55
"black friday flight tickets",260,40,40,110,170,320,10,10,20,20,110,1900,170,325,1.62,56
"invitation sleeve",260,260,260,390,390,320,260,260,260,210,210,170,210,-19,1.53,100
"how to lose 2 pounds per week",260,390,320,320,320,320,260,260,260,260,210,210,210,-46,,2
"personal injury attorney raleigh nagle firm",260,390,390,480,210,320,170,140,260,210,210,260,210,-46,43.33,53
"great vacation deals",260,390,390,320,210,260,320,320,210,170,210,170,210,-46,2.70,67
"maid of honor invitation",260,390,320,260,210,260,170,260,210,170,170,320,260,-33,0.75,100
"how to lose hips",260,210,210,260,260,260,260,320,260,210,210,170,210,0,,1
"how to get rid of lower belly fat female fast",260,170,260,320,210,260,260,390,320,260,210,170,170,0,3.34,24
"city furniture corporate office",260,320,260,320,210,210,260,320,260,260,260,320,260,-19,7.98,19
"simple wedding planning",260,390,320,260,260,210,320,260,210,260,260,170,210,-46,1.59,100
"how to keep water weight off",260,260,260,260,260,260,320,320,260,210,210,140,210,-19,2.14,4
"jetsetter deals",260,320,260,320,210,260,320,320,320,170,140,140,210,-34,0.24,55
"berta bridal 2019",260,260,210,170,320,260,170,260,320,210,320,210,140,-46,0.47,100
"harbor freight yard cart",260,90,210,480,480,320,260,260,320,260,140,110,110,22,0.86,100
"local internet marketing",260,260,260,210,320,170,140,210,390,260,320,320,390,50,5.37,13
"average cost to replace kitchen cabinets",260,320,320,260,320,260,260,260,260,260,260,210,210,-34,4.55,48
"the reserve at paradisus",260,590,590,590,390,320,210,70,70,70,140,140,140,-76,3.94,18
"grand palladium resort and spa",260,390,320,320,210,260,260,260,260,210,210,170,210,-46,4.42,20
"alibaba solar panels",260,210,170,210,210,260,260,320,260,260,210,210,260,24,1.64,100
"gate 1 travel agency",260,320,210,260,210,260,260,320,260,260,320,260,260,-19,1.74,31
"msc cruises travel agent",260,260,260,260,210,210,170,260,320,260,320,320,260,0,4.95,26
"fiskars garden scissors",260,170,170,260,390,390,390,390,260,260,210,210,140,-18,0.74,100
"ase technician",260,210,210,210,210,210,210,260,260,260,260,260,260,24,4.66,6
"dress barn plus size dresses clearance",260,390,210,320,390,320,320,390,260,170,70,90,90,-77,0.70,100
"seaworld travel agent",260,320,260,320,320,320,320,260,260,210,210,170,140,-56,12.73,11
"mexican wedding cake toppers",260,320,260,260,260,260,320,320,320,170,170,140,70,-78,0.21,100
"elegant long evening dresses",260,320,260,260,170,260,260,260,210,210,260,260,210,-34,0.86,100
"how to lose weight without running",260,320,210,260,210,260,320,260,260,210,260,260,260,-19,2.89,9
"best host travel agency",260,260,320,320,260,260,260,320,260,320,320,260,260,0,4.97,72
"60 watt solar panel",260,210,210,210,260,260,260,320,260,390,320,260,210,0,1.90,100
"finish my basement",210,260,210,210,170,170,140,170,210,210,260,260,260,0,12.77,69
"beginners keto meal plan",210,320,110,320,260,170,210,140,140,170,140,90,210,-34,1.62,100
"bdi office furniture",210,260,210,170,210,210,140,170,260,390,210,210,170,-35,4.58,100
"sangam matrimony",210,50,70,70,90,110,140,140,480,210,390,320,320,540,1.41,2
"best diet to follow",210,320,210,210,210,210,210,210,210,210,210,170,210,-34,2.51,51
"casual outfits for plus size ladies",210,210,210,210,210,260,210,170,210,210,170,170,140,-33,0.55,100
"used leaf blower for sale",210,140,140,110,140,140,140,140,170,260,480,390,170,21,0.68,100
"how to tone stomach fat",210,110,170,260,260,210,110,170,260,260,210,70,170,55,0.88,12
"serp analysis",210,260,210,210,210,210,140,170,210,210,210,210,210,-19,2.78,6
"solar powered fans walmart",210,50,50,110,260,480,590,390,320,170,70,50,30,-40,2.48,100
"acura rsx automatic",210,140,210,170,170,210,210,320,260,260,260,170,210,50,1.21,34
"small kitchen remodel on a budget",210,210,170,260,210,170,170,210,260,210,210,210,210,0,3.45,100
"black and decker cultivator",210,40,70,210,390,590,590,320,140,170,90,50,30,-25,0.45,100
"dholki invitation",210,110,210,260,210,260,260,260,110,170,210,210,170,55,0.90,100
"cheap flights plus hotel",210,260,210,260,210,210,170,210,210,170,140,140,140,-46,1.79,66
"cheap plus size masquerade ball dresses",210,260,320,170,210,170,70,170,140,210,480,320,210,-19,0.63,100
"best gas lawn edger",210,30,40,210,390,480,480,320,320,260,140,70,90,200,0.87,100
"fern plants for sale",210,110,140,260,480,480,390,210,140,110,140,90,90,-18,0.97,100
"roman originals dresses",210,210,210,210,170,260,170,170,260,320,320,210,210,0,0.84,100
"solar power cost per kwh",210,210,210,260,260,170,170,170,210,210,170,170,170,-19,7.65,58
"how to lose 5 pounds in 4 days",210,170,210,170,260,260,210,210,210,170,170,210,210,24,0.56,4
"how do you lose weight on keto",210,260,260,260,260,210,170,170,210,260,210,110,140,-46,0.82,43
"mature palm trees for sale",210,140,140,210,260,210,320,210,170,140,210,110,140,0,1.23,100
"5xl dresses",210,210,210,320,320,210,140,210,140,140,210,170,260,24,1.37,100
"vacation tour packages with airfare",210,260,390,260,210,170,210,210,170,140,90,110,90,-65,2.39,76
"cheapest overseas vacations",210,260,210,260,140,210,260,210,170,170,170,210,210,-19,1.54,25
"solar electric company",210,320,210,140,170,110,110,320,260,110,140,170,320,0,10.37,15
"copier leasing near me",210,210,210,140,170,210,260,260,260,260,320,260,210,0,22.06,71
"best watering wand",210,70,70,140,320,590,480,320,210,140,140,90,90,29,0.49,98
"small kitchen remodel with island",210,170,260,320,170,140,170,170,210,170,210,140,170,0,4.58,100
"catherines plus size maxi dresses",210,170,320,390,480,170,210,260,170,140,50,140,110,-35,0.94,100
"redo shower tile",210,260,170,210,170,210,210,260,210,210,260,210,210,-19,3.41,100
"plan advisor",210,210,170,260,210,170,210,260,260,260,210,170,170,-19,9.72,9
"oxygen not included solar panel",210,140,170,110,140,140,140,110,590,390,260,170,210,50,,7
"moda operandi bridal",210,260,260,210,210,210,170,260,210,260,260,170,210,-19,1.19,100
"legal aid custody",210,210,170,210,210,210,170,210,260,210,260,170,140,-33,2.24,58
"cheap kid friendly vacations",210,260,260,260,260,260,260,210,110,70,90,90,140,-46,2.17,40
"office depot spiral notebooks",210,210,110,110,90,110,140,720,720,170,110,90,90,-57,0.64,100
"top 10 solar companies",210,320,210,170,170,140,170,210,260,210,140,170,140,-56,10.06,40
"30 day fruit and vegetable diet plan",210,210,140,170,210,260,260,320,210,170,140,170,170,-19,1.26,90
"top leaf blower",210,90,110,210,260,260,170,110,140,210,320,480,260,189,0.89,100
"funky office chair",210,260,170,210,170,170,170,210,320,170,210,140,140,-46,2.05,100
"craftsman riding lawn mower seat",210,90,90,260,390,390,390,260,170,170,170,110,90,0,0.32,100
"philippine women seeking men",210,40,90,90,90,170,320,320,390,260,260,320,210,425,3.59,8
"cheap disneyland vacation packages",210,260,260,210,170,210,320,210,210,170,210,140,140,-46,1.23,51
"office equipment company",210,260,170,170,210,260,210,210,260,210,260,170,210,-19,6.29,30
"rake assassin",210,260,110,110,170,110,90,90,110,140,880,260,260,0,0.42,100
"five star all inclusive resorts",210,260,210,260,170,210,210,170,210,210,140,140,170,-35,1.47,26
"sears lawn mower battery",210,70,90,260,480,480,210,170,170,140,140,90,40,-43,0.53,100
"online marketing firm",210,170,390,210,260,260,140,170,110,110,170,260,390,129,18.13,11
"cheapest domain renewal",210,320,260,260,390,210,210,210,210,170,210,170,210,-34,7.97,65
"fencing and landscaping",210,110,140,390,390,320,260,260,210,170,140,140,90,-18,5.51,49
"adventure travel agency",210,170,210,170,140,110,210,210,260,260,390,320,170,0,4.13,45
"interracial dating sites for seniors",210,320,210,210,170,210,210,260,260,110,140,140,170,-47,3.56,93
"large magnolia trees for sale",210,70,170,320,390,390,320,260,210,170,140,110,140,100,0.96,100
"daily food plan",210,320,210,210,210,140,140,210,140,260,210,210,210,-34,1.56,78
"white men married to black women",210,210,210,210,170,210,170,210,210,210,170,320,170,-19,0.13,11
"black satin cocktail dress",210,140,140,210,170,210,140,170,140,390,320,260,260,86,1.33,100
"vitra office chair",210,210,260,260,210,210,170,210,260,260,260,170,170,-19,4.60,100
"the travel company",210,260,210,210,170,210,210,210,210,210,170,170,170,-35,8.50,38
"spirit airlines travel agent",210,170,210,260,210,260,210,170,170,210,170,170,170,0,2.50,19
"multifunction copier",210,260,320,260,260,210,210,170,140,170,210,170,260,0,4.76,100
"plus skater dress",210,110,260,320,260,260,210,170,210,140,260,140,110,0,1.08,100
"best wedding cake toppers",210,260,210,320,260,210,260,210,210,210,170,140,90,-65,0.44,100
"landscape trees for sale",210,140,110,260,320,320,210,320,260,210,90,50,70,-50,1.01,100
"most affordable vacations",210,320,260,260,210,210,260,260,170,140,140,170,260,-19,1.62,32
"travel agent deals",170,210,210,210,170,170,210,210,140,110,170,170,170,-19,3.03,64
"hemnes desk white",170,210,170,210,140,170,260,210,140,110,70,90,110,-48,0.80,100
"how to lose 8 pounds in 2 weeks",170,110,140,260,110,90,210,320,210,70,90,260,210,91,3.07,6
"ashley stewart party dresses",170,170,170,210,110,70,210,90,140,170,90,260,260,53,0.77,100
"women's plus size resort wear",170,480,320,260,210,110,70,140,90,110,90,140,170,-65,1.57,100
"best latin dating sites",170,210,210,170,140,70,110,110,90,140,210,210,170,-19,6.39,48
"how do i lose weight in my thighs",170,170,210,110,110,170,390,170,110,90,210,170,110,-35,7.22,9
"how to lose water weight fast overnight",170,110,210,210,210,170,170,260,260,170,110,140,260,136,1.13,84
"most luxurious all inclusive resorts",170,170,210,260,210,210,170,140,170,110,110,110,140,-18,1.28,26
"carolina herrera wedding dress price",170,170,480,140,110,140,170,140,110,140,170,110,90,-47,1.40,100
"flat solar panels",170,170,140,170,170,210,210,210,210,210,210,170,140,-18,2.94,100
"cocktail and party long sleeve velvet dress",170,170,90,50,30,40,30,40,70,140,320,720,480,182,1.16,100
"solar 100 watt",170,260,210,210,140,260,140,170,140,140,140,110,210,-19,0.78,100
"vacation tour and travel agency",170,210,210,210,170,170,210,210,170,140,140,170,170,-19,3.53,16
"low cost solar panels",170,140,210,170,170,140,170,210,170,140,140,140,140,0,5.28,100
"engine optimization",170,140,170,140,170,170,170,170,170,140,210,170,210,50,22.36,38
"civil wedding outfit",170,170,140,170,170,170,140,170,140,110,210,170,170,0,0.84,100
"golden tickets for travel agents",170,170,90,170,170,170,170,210,260,110,110,140,90,-47,3.38,28
"tickets and hotels",170,210,210,210,170,210,210,210,140,140,170,140,110,-48,2.00,49
"the magic pill diet plan",170,320,320,210,170,170,210,210,210,140,90,90,70,-78,1.19,21
"free online dating sites for singles",170,210,170,140,140,260,210,170,110,90,90,210,140,-33,2.61,44
"cheap office table",170,210,140,260,140,170,140,170,210,170,210,110,110,-48,1.38,100
"two week diet plan",170,110,170,140,320,320,260,170,110,110,90,90,110,0,0.68,70
"kotler marketing",170,170,170,170,170,140,140,140,140,210,260,210,140,-18,1.32,12
"ask an attorney free",170,140,170,170,90,110,140,210,140,140,110,320,210,50,4.19,80
"staples office supplies online",170,260,170,210,70,110,110,140,170,210,140,110,210,-19,3.98,100
"bmw x6 engine",170,170,170,140,210,170,170,170,170,170,140,140,170,0,4.37,90
"how to lose more weight",170,170,210,210,170,210,170,210,170,140,140,110,110,-35,5.19,13
"macy's dresses cocktail & party",170,140,260,140,90,140,70,50,480,260,210,210,210,50,0.90,100
"john crestani super affiliate system",170,20,20,20,70,40,210,70,260,170,320,720,260,1200,3.46,11
"suaoki solar",170,260,210,260,170,110,170,110,90,90,90,210,140,-46,0.42,100
"bridal evening gown",170,170,210,140,170,210,210,260,210,140,140,140,110,-35,1.17,100
"torrid yellow dress",170,110,170,210,320,390,210,170,170,140,110,90,40,-64,0.65,100
"day of coordinator near me",170,170,170,140,140,210,170,210,260,170,170,170,170,0,2.99,19
"samba vallarta all inclusive",170,260,260,170,110,140,110,170,110,140,140,110,210,-19,1.50,31
"3 day meal plan",170,170,210,210,260,210,170,170,140,140,170,260,140,-18,1.66,65
"beaches turks and caicos all inclusive",170,260,170,170,170,170,170,170,170,170,140,140,140,-46,2.37,38
"linen cocktail dress",170,70,140,140,260,260,320,320,170,110,110,90,140,100,1.39,100
"grand palladium white sand resort",170,210,140,170,320,90,70,140,110,140,170,170,170,-19,2.91,17
"northeast legal services",170,140,170,170,210,170,140,210,210,170,260,110,140,0,1.54,7
4lovepolkadots,170,260,210,210,260,210,210,170,110,110,70,50,70,-73,2.03,46
"solar power southeast",170,90,90,170,320,1000,70,30,30,30,40,30,40,-56,,28
"edgy cocktail dress",170,210,170,170,170,170,110,170,140,210,210,260,110,-48,1.17,100
"21 day fix diet plan",170,210,170,210,260,320,210,170,140,140,110,90,170,-19,0.54,100
"large oak trees for sale",140,90,110,110,170,170,170,170,170,140,170,140,110,22,0.87,100
"toyota gt86 engine",140,170,110,140,140,140,110,140,170,140,140,110,110,-35,1.31,65
"google domain name registration",140,170,140,170,110,110,110,140,170,140,170,140,140,-18,9.62,55
"junior lawyer",140,140,70,110,140,140,110,110,110,110,170,210,140,0,,5
"complete bathroom remodel cost",140,110,140,140,170,170,170,170,170,140,140,140,140,27,12.02,69
"speeddate dating site",140,320,480,480,170,10,20,10,30,10,10,10,10,-97,1.60,58
"how to lose weight and tone",140,210,170,210,210,170,140,110,90,170,140,110,140,-33,1.31,47
"fit flare cocktail dress",140,110,90,110,170,170,90,170,140,170,110,110,110,0,1.45,100
"sun joe cultivator",140,50,70,140,320,390,260,140,90,140,90,70,50,0,0.79,100
"need computer desk",140,260,170,170,110,140,170,140,110,140,90,110,140,-46,3.18,100
"travel one agency",140,70,110,260,210,90,90,90,110,110,110,140,170,143,3.14,44
"dominos voucher codes",140,90,90,90,70,90,90,140,140,110,140,170,260,189,0.48,11
"how to lose weight in 30 days without exercise",140,140,110,170,170,140,140,170,140,140,140,140,110,-21,1.58,96
"friend speed dating",140,140,170,140,90,90,90,140,210,170,170,90,90,-36,,4
"cfp financial advisor",140,170,140,110,140,110,110,140,170,110,140,170,170,0,17.40,63
"btl marketing",140,140,140,140,140,170,110,140,140,170,170,140,140,0,0.34,3
"black beaded cocktail dress",140,110,110,140,90,90,110,140,110,210,210,210,110,0,0.90,100
"citrus tree nursery",140,170,140,170,260,210,140,90,140,70,140,90,90,-47,1.31,78
"low carb high fat meal plan",140,210,170,170,170,170,140,140,140,90,110,90,140,-33,2.39,76
"easy shower to tub conversion",140,110,170,140,110,140,140,140,90,110,110,110,110,0,5.22,100
"edible lace for wedding cakes",140,170,170,140,170,210,170,140,140,110,90,70,30,-82,0.17,100
"best loppers 2019",140,,,110,390,320,260,90,70,40,50,170,140,27,0.37,100
"strapless midi cocktail dress",140,110,140,170,260,140,140,110,170,110,110,70,50,-55,1.03,100
"luxury landscape design",140,110,140,210,140,140,170,140,140,140,140,110,90,-18,5.64,97
"illusion neckline cocktail dress",140,140,140,260,110,170,110,50,110,170,170,90,140,0,1.23,100
"most efficient solar cell",140,140,140,140,140,170,140,170,170,110,140,90,140,0,0.38,100
"melia travel agent",140,170,140,140,170,170,170,170,140,140,140,110,70,-59,,3
"wedding planner magazine",140,210,170,140,140,110,110,110,90,140,140,140,140,-33,2.44,100
"golden parnassus resort",140,210,110,110,110,170,140,110,140,110,170,90,170,-19,1.51,26
"free dating sites with free messaging",140,170,260,140,140,140,210,170,170,140,140,110,90,-47,2.47,83
"designer cocktail dresses sale",140,140,210,140,70,70,70,90,210,260,210,210,170,21,1.19,100
"japanese trees for sale",140,110,70,140,260,320,170,210,110,90,140,90,90,-18,0.56,100
"how you lose weight",140,170,110,170,140,140,170,170,170,110,110,110,170,0,8.36,33
"royal hideaway playacar resort",140,210,140,90,70,70,90,140,140,210,170,140,210,0,2.49,27
"the best financial advisors",140,140,170,210,170,140,140,260,170,110,110,90,110,-21,16.33,52
"6 week weight loss plan",140,170,170,170,170,170,110,140,110,110,140,210,140,-18,4.18,42
"senior friends date",140,480,70,70,110,140,390,210,50,90,110,70,70,-85,2.60,43
"black and decker grass shears",140,50,30,70,260,390,260,260,140,90,90,50,40,-20,0.45,100
"eventbrite speed dating",140,170,210,140,140,110,110,110,140,140,140,140,110,-35,2.14,12
"plus size wholesale clothing cheap",140,170,210,260,140,170,90,140,90,90,90,50,50,-71,0.90,100
"exotic fruit trees for sale",140,70,90,170,170,170,170,260,170,140,90,50,90,29,0.59,100
"weeping trees for sale",140,30,50,140,390,260,170,140,110,90,70,50,50,67,0.49,100
"solar energy business",140,110,140,140,90,70,110,140,110,140,110,140,210,91,7.87,31
"staples office supply store near me",140,90,110,170,110,90,110,90,170,90,140,170,170,89,0.75,85
"hormone type 2 diet plan",140,110,70,210,210,140,170,170,210,140,210,110,40,-64,,22
"chubb life",140,140,140,170,110,110,140,140,210,210,170,140,140,0,2.75,9
"legal help for inmates",140,170,140,170,170,140,170,140,170,140,170,110,90,-47,2.80,73
"chinese law firm",110,390,170,90,140,110,50,50,50,70,70,90,50,-87,3.08,16
"1 day bathroom remodel",110,110,140,140,110,140,140,110,110,110,90,110,140,27,13.40,100
"marriage beuro",110,140,140,110,90,90,110,110,90,90,110,90,110,-21,1.54,10
"solar price per kwh",110,90,90,140,110,140,90,90,140,110,170,90,110,22,4.69,47
"general construction contractors near me",110,210,70,170,110,90,70,170,90,90,140,50,40,-81,6.21,61
"maurices cocktail dresses",110,50,90,110,90,170,50,110,170,140,140,90,140,180,1.26,100
"edward jones facd",110,140,140,110,140,140,140,110,110,110,110,70,90,-36,4.56,13
"riu palace san lucas",110,170,140,140,110,90,140,110,140,90,110,90,70,-59,2.06,42
"southwest airlines all inclusive vacations",110,170,170,210,110,140,90,70,30,30,70,70,50,-71,1.69,32
"liberty travel deals",110,260,210,210,170,140,110,90,70,40,50,70,90,-65,1.95,41
"on speed dating",110,170,210,140,110,90,110,110,110,90,70,90,70,-59,3.54,11
"emirates promotion",110,170,170,140,110,110,90,110,90,110,110,110,140,-18,1.20,29
"cheap bodybuilding meal plan",110,170,140,140,110,140,110,110,90,70,90,70,70,-59,0.49,100
"lole canada",110,110,70,90,110,70,70,90,110,110,90,170,140,27,1.25,100
"general contractor home builder",110,170,110,110,110,110,90,170,110,70,110,50,40,-76,10.08,69
"female financial advisor near me",110,140,90,110,90,110,140,110,90,90,140,110,90,-36,36.75,79
"bare root apple trees for sale",110,140,170,210,170,110,70,50,50,110,110,50,70,-50,0.79,100
"cheap anniversary getaways",110,140,90,170,170,90,170,90,90,110,110,50,70,-50,1.62,59
"best yard tools",110,30,40,110,170,210,210,90,70,90,70,140,260,767,1.00,100
"pro bono legal advice",110,140,110,140,90,110,90,110,140,110,140,140,140,0,3.04,77
"best price vacation packages",110,170,140,170,110,110,90,90,110,50,70,90,110,-35,3.57,87
"cocktail dresses for plus size ladies",110,70,90,140,210,90,50,50,170,140,170,140,90,29,1.89,100
"plus size clothing wholesale vendors",90,110,140,110,140,110,90,50,140,90,70,90,110,0,1.48,100
